lat,lon,ele,sog,cog,date,time,fix,sat,ehve,ehpe,evpe,ece,hdop
50.5724536,-2.4576087,-0.057,2.659,335.079,2023-10-10,12:11:03.200,3,24,0.107,0.41,0.54,2.884,0.56
50.5725945,-2.4576939,0.488,2.685,343.001,2023-10-10,12:11:10.400,3,23,0.136,0.40,0.54,2.574,0.58
50.5725990,-2.4576959,0.440,2.618,343.704,2023-10-10,12:11:10.600,3,23,0.129,0.40,0.54,2.323,0.58
50.5726040,-2.4576979,0.472,2.812,344.500,2023-10-10,12:11:10.800,3,23,0.124,0.40,0.54,2.276,0.58
50.5726096,-2.4576995,0.544,3.076,348.341,2023-10-10,12:11:11.000,3,23,0.131,0.40,0.54,2.173,0.58
50.5726148,-2.4577015,0.473,3.000,347.174,2023-10-10,12:11:11.200,3,23,0.126,0.40,0.54,2.272,0.58
50.5726208,-2.4577029,0.498,3.344,350.187,2023-10-10,12:11:11.400,3,23,0.135,0.40,0.55,2.092,0.58
50.5726269,-2.4577044,0.572,3.408,351.388,2023-10-10,12:11:11.600,3,23,0.134,0.40,0.55,1.962,0.58
50.5726331,-2.4577057,0.550,3.488,352.653,2023-10-10,12:11:11.800,3,23,0.116,0.40,0.55,1.793,0.58
50.5726394,-2.4577064,0.566,3.493,355.390,2023-10-10,12:11:12.000,3,23,0.125,0.40,0.55,1.846,0.58
50.5726455,-2.4577078,0.580,3.409,352.696,2023-10-10,12:11:12.200,3,23,0.124,0.40,0.55,1.919,0.58
50.5726521,-2.4577095,0.642,3.577,351.655,2023-10-10,12:11:12.400,3,23,0.117,0.40,0.54,1.705,0.58
50.5726587,-2.4577108,0.694,3.631,352.366,2023-10-10,12:11:12.600,3,24,0.122,0.40,0.54,1.575,0.56
50.5726654,-2.4577121,0.696,3.795,352.959,2023-10-10,12:11:12.800,3,24,0.112,0.39,0.53,1.542,0.56
50.5726715,-2.4577140,0.728,3.479,349.641,2023-10-10,12:11:13.000,3,24,0.120,0.39,0.53,1.689,0.56
50.5726778,-2.4577159,0.795,3.547,349.432,2023-10-10,12:11:13.200,3,24,0.121,0.39,0.53,1.754,0.56
50.5726838,-2.4577185,0.807,3.500,346.172,2023-10-10,12:11:13.400,3,24,0.115,0.39,0.52,1.786,0.55
50.5726899,-2.4577212,0.841,3.610,344.960,2023-10-10,12:11:13.600,3,24,0.120,0.39,0.52,1.781,0.55
50.5726954,-2.4577246,0.836,3.332,340.943,2023-10-10,12:11:13.800,3,24,0.123,0.39,0.52,1.948,0.55
50.5727013,-2.4577279,0.834,3.506,340.628,2023-10-10,12:11:14.000,3,24,0.125,0.39,0.52,1.866,0.55
50.5727071,-2.4577312,0.821,3.445,339.860,2023-10-10,12:11:14.200,3,24,0.129,0.39,0.52,1.899,0.55
50.5727129,-2.4577342,0.902,3.372,341.543,2023-10-10,12:11:14.400,3,24,0.132,0.39,0.52,1.858,0.56
50.5727179,-2.4577366,0.945,2.934,343.242,2023-10-10,12:11:14.600,3,24,0.116,0.39,0.52,2.001,0.55
50.5727226,-2.4577391,0.991,2.798,342.540,2023-10-10,12:11:14.800,3,24,0.118,0.39,0.52,2.058,0.55
50.5727270,-2.4577416,1.105,2.595,342.717,2023-10-10,12:11:15.000,3,24,0.127,0.39,0.52,2.198,0.55
50.5729852,-2.4579551,2.248,2.592,333.203,2023-10-10,12:11:29.600,3,24,0.119,0.40,0.56,2.435,0.56
50.5730139,-2.4579836,2.124,2.584,328.486,2023-10-10,12:11:31.200,3,24,0.121,0.40,0.54,2.649,0.56
50.5730219,-2.4579904,2.117,2.633,330.817,2023-10-10,12:11:31.600,3,24,0.117,0.40,0.53,2.555,0.56
50.5730496,-2.4580141,2.135,2.759,333.339,2023-10-10,12:11:33.000,3,24,0.119,0.39,0.52,2.348,0.56
50.5730895,-2.4580426,2.150,2.615,336.209,2023-10-10,12:11:35.000,3,24,0.122,0.37,0.49,2.362,0.56
50.5730939,-2.4580457,2.174,2.575,335.438,2023-10-10,12:11:35.200,3,24,0.118,0.37,0.49,2.366,0.56
50.5731029,-2.4580508,2.160,2.771,339.045,2023-10-10,12:11:35.600,3,24,0.120,0.37,0.49,2.238,0.56
50.5731077,-2.4580532,2.244,2.739,340.873,2023-10-10,12:11:35.800,3,24,0.118,0.37,0.48,2.207,0.56
50.5731124,-2.4580558,2.246,2.685,340.889,2023-10-10,12:11:36.000,3,24,0.122,0.37,0.48,2.146,0.56
50.5731173,-2.4580583,2.226,2.806,340.988,2023-10-10,12:11:36.200,3,24,0.117,0.37,0.48,2.087,0.56
50.5731230,-2.4580602,2.259,3.164,344.866,2023-10-10,12:11:36.400,3,24,0.121,0.37,0.48,1.998,0.56
50.5731280,-2.4580622,2.235,2.873,344.923,2023-10-10,12:11:36.600,3,24,0.123,0.37,0.48,2.066,0.56
50.5731332,-2.4580648,2.228,2.996,342.343,2023-10-10,12:11:36.800,3,24,0.116,0.37,0.47,1.978,0.56
50.5731393,-2.4580666,2.276,3.305,347.078,2023-10-10,12:11:37.000,3,24,0.119,0.36,0.47,1.787,0.56
50.5731451,-2.4580685,2.217,3.285,346.565,2023-10-10,12:11:37.200,3,24,0.119,0.36,0.47,1.764,0.56
50.5731509,-2.4580705,2.214,3.293,347.105,2023-10-10,12:11:37.400,3,23,0.123,0.36,0.47,1.957,0.58
50.5731574,-2.4580720,2.298,3.543,350.617,2023-10-10,12:11:37.600,3,23,0.125,0.36,0.47,1.842,0.58
50.5731633,-2.4580743,2.176,3.463,347.169,2023-10-10,12:11:37.800,3,24,0.108,0.36,0.47,1.673,0.55
50.5731693,-2.4580755,2.236,3.355,351.040,2023-10-10,12:11:38.000,3,23,0.110,0.36,0.47,1.924,0.58
50.5731762,-2.4580767,2.242,3.861,352.852,2023-10-10,12:11:38.200,3,23,0.123,0.36,0.47,1.452,0.58
50.5731829,-2.4580785,2.174,3.806,350.900,2023-10-10,12:11:38.400,3,24,0.113,0.36,0.47,1.662,0.56
50.5731895,-2.4580802,2.238,3.654,350.915,2023-10-10,12:11:38.600,3,24,0.109,0.36,0.47,1.637,0.55
50.5731965,-2.4580815,2.363,3.852,353.786,2023-10-10,12:11:38.800,3,24,0.121,0.36,0.47,1.484,0.56
50.5732033,-2.4580842,2.253,3.938,346.999,2023-10-10,12:11:39.000,3,24,0.117,0.36,0.47,1.475,0.55
50.5732099,-2.4580859,2.275,3.822,348.862,2023-10-10,12:11:39.200,3,24,0.122,0.36,0.47,1.599,0.55
50.5732169,-2.4580879,2.293,3.963,349.976,2023-10-10,12:11:39.400,3,24,0.118,0.36,0.47,1.606,0.56
50.5732234,-2.4580916,2.223,3.825,341.923,2023-10-10,12:11:39.600,3,24,0.114,0.36,0.47,1.710,0.56
50.5732296,-2.4580946,2.361,3.529,342.213,2023-10-10,12:11:39.800,3,24,0.121,0.36,0.48,1.959,0.55
50.5732362,-2.4580976,2.341,3.796,343.343,2023-10-10,12:11:40.000,3,24,0.121,0.36,0.48,1.614,0.56
50.5732417,-2.4581017,2.270,3.518,337.131,2023-10-10,12:11:40.200,3,24,0.112,0.36,0.48,1.800,0.56
50.5732474,-2.4581054,2.314,3.472,336.863,2023-10-10,12:11:40.400,3,24,0.125,0.36,0.48,1.920,0.56
50.5732529,-2.4581085,2.287,3.324,338.223,2023-10-10,12:11:40.600,3,24,0.120,0.36,0.48,1.877,0.56
50.5732580,-2.4581121,2.295,3.174,336.324,2023-10-10,12:11:40.800,3,24,0.117,0.36,0.48,2.043,0.56
50.5732632,-2.4581156,2.290,3.099,336.521,2023-10-10,12:11:41.000,3,24,0.119,0.36,0.48,1.995,0.55
50.5732682,-2.4581184,2.332,2.943,337.862,2023-10-10,12:11:41.200,3,24,0.117,0.36,0.49,2.166,0.55
50.5737312,-2.4584629,1.186,2.653,334.980,2023-10-10,12:12:08.600,3,24,0.122,0.41,0.55,2.884,0.56
50.5737480,-2.4584744,1.083,2.577,336.755,2023-10-10,12:12:09.400,3,23,0.115,0.40,0.54,2.520,0.58
50.5737524,-2.4584776,1.049,2.711,335.755,2023-10-10,12:12:09.600,3,23,0.106,0.40,0.54,2.435,0.58
50.5737584,-2.4584800,1.043,3.403,343.722,2023-10-10,12:12:09.800,3,23,0.114,0.40,0.54,1.840,0.58
50.5737630,-2.4584827,0.943,2.855,341.845,2023-10-10,12:12:10.000,3,23,0.116,0.40,0.53,2.443,0.58
50.5737680,-2.4584860,0.954,2.977,339.089,2023-10-10,12:12:10.200,3,23,0.123,0.40,0.53,2.277,0.58
50.5737738,-2.4584885,0.984,3.362,342.321,2023-10-10,12:12:10.400,3,23,0.122,0.40,0.53,2.254,0.58
50.5737797,-2.4584898,0.919,3.379,348.731,2023-10-10,12:12:10.600,3,23,0.124,0.40,0.53,1.847,0.58
50.5737850,-2.4584930,0.902,3.159,342.695,2023-10-10,12:12:10.800,3,24,0.129,0.40,0.52,2.152,0.56
50.5737908,-2.4584954,1.035,3.281,344.619,2023-10-10,12:12:11.000,3,24,0.117,0.40,0.52,1.950,0.56
50.5737978,-2.4584971,1.064,3.919,350.065,2023-10-10,12:12:11.200,3,24,0.131,0.40,0.52,1.590,0.56
50.5738031,-2.4585007,0.946,3.308,340.754,2023-10-10,12:12:11.400,3,24,0.123,0.40,0.52,1.942,0.56
50.5738093,-2.4585037,1.061,3.521,343.000,2023-10-10,12:12:11.600,3,24,0.123,0.40,0.53,1.773,0.56
50.5738168,-2.4585051,1.101,4.166,351.176,2023-10-10,12:12:11.800,3,24,0.124,0.40,0.53,1.537,0.56
50.5738224,-2.4585089,0.998,3.486,341.058,2023-10-10,12:12:12.000,3,24,0.115,0.40,0.53,1.741,0.56
50.5738290,-2.4585117,1.088,3.758,343.777,2023-10-10,12:12:12.200,3,24,0.122,0.40,0.52,1.741,0.56
50.5738370,-2.4585134,1.165,4.441,350.514,2023-10-10,12:12:12.400,3,24,0.130,0.40,0.52,1.526,0.56
50.5738432,-2.4585173,1.059,3.843,341.944,2023-10-10,12:12:12.600,3,24,0.121,0.40,0.52,1.659,0.56
50.5738500,-2.4585205,1.212,3.854,343.256,2023-10-10,12:12:12.800,3,24,0.127,0.40,0.52,1.663,0.56
50.5738578,-2.4585225,1.274,4.353,349.007,2023-10-10,12:12:13.000,3,24,0.132,0.40,0.52,1.454,0.56
50.5738643,-2.4585267,1.156,3.981,339.907,2023-10-10,12:12:13.200,3,24,0.126,0.40,0.51,1.722,0.56
50.5738704,-2.4585307,1.229,3.661,338.159,2023-10-10,12:12:13.400,3,24,0.124,0.40,0.51,1.982,0.56
50.5738771,-2.4585343,1.328,3.864,340.540,2023-10-10,12:12:13.600,3,24,0.119,0.40,0.51,1.821,0.56
50.5738835,-2.4585375,1.323,3.783,341.672,2023-10-10,12:12:13.800,3,24,0.122,0.40,0.51,1.759,0.56
50.5738894,-2.4585412,1.320,3.610,339.770,2023-10-10,12:12:14.000,3,24,0.129,0.40,0.51,1.849,0.56
50.5738950,-2.4585448,1.365,3.329,338.614,2023-10-10,12:12:14.200,3,24,0.132,0.40,0.51,2.391,0.56
50.5739000,-2.4585483,1.378,3.070,336.542,2023-10-10,12:12:14.400,3,24,0.129,0.40,0.51,2.534,0.55
50.5739050,-2.4585511,1.418,2.958,337.919,2023-10-10,12:12:14.600,3,24,0.123,0.40,0.51,2.441,0.55
50.5739096,-2.4585538,1.504,2.740,339.392,2023-10-10,12:12:14.800,3,24,0.126,0.40,0.51,2.473,0.55
50.5739140,-2.4585564,1.565,2.610,339.362,2023-10-10,12:12:15.000,3,24,0.127,0.40,0.51,2.443,0.55
50.5741803,-2.4587086,1.263,2.609,345.601,2023-10-10,12:12:29.400,3,24,0.119,0.38,0.50,2.186,0.56
50.5742458,-2.4587359,1.207,2.618,348.466,2023-10-10,12:12:32.600,3,24,0.120,0.38,0.50,2.241,0.56
50.5742505,-2.4587370,1.244,2.620,350.488,2023-10-10,12:12:32.800,3,24,0.118,0.38,0.49,2.225,0.56
50.5747071,-2.4592345,1.925,2.876,165.079,2023-10-10,12:15:01.400,3,24,0.136,0.46,0.63,1.928,0.56
50.5747025,-2.4592329,1.964,2.684,166.605,2023-10-10,12:15:01.600,3,24,0.137,0.46,0.63,2.005,0.56
50.5746981,-2.4592304,2.062,2.715,163.206,2023-10-10,12:15:01.800,3,24,0.128,0.46,0.63,2.000,0.56
50.5746936,-2.4592274,2.105,2.770,159.648,2023-10-10,12:15:02.000,3,24,0.119,0.45,0.62,1.895,0.56
50.5746894,-2.4592247,2.133,2.656,159.880,2023-10-10,12:15:02.200,3,24,0.125,0.45,0.62,2.095,0.56
50.5746136,-2.4591904,2.255,2.879,163.439,2023-10-10,12:15:06.000,3,24,0.139,0.43,0.62,2.031,0.56
50.5746087,-2.4591882,2.188,2.787,164.274,2023-10-10,12:15:06.200,3,24,0.143,0.43,0.62,2.091,0.56
50.5746038,-2.4591851,2.164,2.939,159.570,2023-10-10,12:15:06.400,3,24,0.145,0.43,0.62,1.912,0.55
50.5745985,-2.4591823,2.218,3.128,160.938,2023-10-10,12:15:06.600,3,24,0.143,0.43,0.62,1.694,0.55
50.5745934,-2.4591792,2.205,3.024,159.802,2023-10-10,12:15:06.800,3,24,0.137,0.43,0.62,1.860,0.56
50.5745880,-2.4591749,2.263,3.378,155.177,2023-10-10,12:15:07.000,3,24,0.125,0.43,0.62,1.622,0.56
50.5745828,-2.4591713,2.240,3.132,156.590,2023-10-10,12:15:07.200,3,24,0.122,0.43,0.61,1.649,0.56
50.5745776,-2.4591674,2.272,3.219,155.347,2023-10-10,12:15:07.400,3,24,0.124,0.43,0.61,1.650,0.56
50.5745725,-2.4591640,2.316,3.110,157.053,2023-10-10,12:15:07.600,3,24,0.132,0.42,0.61,1.760,0.56
50.5745675,-2.4591609,2.335,2.952,158.473,2023-10-10,12:15:07.800,3,24,0.129,0.42,0.61,1.878,0.56
50.5745623,-2.4591579,2.360,3.005,159.091,2023-10-10,12:15:08.000,3,24,0.130,0.42,0.60,1.814,0.56
50.5745571,-2.4591551,2.388,3.037,160.605,2023-10-10,12:15:08.200,3,24,0.132,0.42,0.60,1.718,0.56
50.5745523,-2.4591523,2.412,2.854,160.620,2023-10-10,12:15:08.400,3,24,0.119,0.42,0.60,1.826,0.55
50.5745476,-2.4591498,2.411,2.746,161.230,2023-10-10,12:15:08.600,3,24,0.120,0.42,0.60,1.835,0.55
50.5745429,-2.4591476,2.421,2.681,162.821,2023-10-10,12:15:08.800,3,24,0.118,0.42,0.60,1.808,0.55
50.5745338,-2.4591438,2.463,2.637,164.236,2023-10-10,12:15:09.200,3,24,0.118,0.42,0.60,1.966,0.55
50.5745291,-2.4591412,2.469,2.703,161.288,2023-10-10,12:15:09.400,3,24,0.108,0.42,0.60,1.885,0.56
50.5744852,-2.4591230,2.416,2.679,167.662,2023-10-10,12:15:11.400,3,24,0.131,0.41,0.59,2.058,0.55
50.5744804,-2.4591212,2.427,2.738,167.163,2023-10-10,12:15:11.600,3,24,0.134,0.41,0.59,2.006,0.55
50.5744756,-2.4591191,2.470,2.810,166.000,2023-10-10,12:15:11.800,3,24,0.131,0.41,0.59,1.936,0.55
50.5744706,-2.4591169,2.464,2.795,165.800,2023-10-10,12:15:12.000,3,24,0.138,0.41,0.59,1.911,0.55
50.5744656,-2.4591148,2.495,2.858,165.169,2023-10-10,12:15:12.200,3,24,0.140,0.41,0.59,2.057,0.55
50.5744606,-2.4591126,2.495,2.844,165.235,2023-10-10,12:15:12.400,3,24,0.131,0.41,0.59,1.873,0.57
50.5744556,-2.4591105,2.482,2.820,166.010,2023-10-10,12:15:12.600,3,24,0.134,0.41,0.59,1.803,0.56
50.5744506,-2.4591087,2.526,2.854,166.789,2023-10-10,12:15:12.800,3,24,0.131,0.42,0.60,1.929,0.56
50.5744457,-2.4591066,2.533,2.811,165.934,2023-10-10,12:15:13.000,3,24,0.130,0.42,0.59,1.987,0.56
50.5744408,-2.4591042,2.586,2.849,163.998,2023-10-10,12:15:13.200,3,24,0.129,0.42,0.59,2.022,0.56
50.5744361,-2.4591014,2.571,2.726,160.980,2023-10-10,12:15:13.400,3,24,0.138,0.42,0.59,2.080,0.56
50.5744317,-2.4590985,2.557,2.612,159.133,2023-10-10,12:15:13.600,3,24,0.135,0.42,0.59,2.211,0.56
50.5742603,-2.4590185,2.854,2.614,163.924,2023-10-10,12:15:22.600,3,24,0.134,0.41,0.58,2.065,0.56
50.5742557,-2.4590163,2.817,2.673,162.999,2023-10-10,12:15:22.800,3,24,0.133,0.41,0.59,1.973,0.56
50.5742511,-2.4590140,2.840,2.755,163.106,2023-10-10,12:15:23.000,3,24,0.141,0.41,0.58,1.960,0.56
50.5742465,-2.4590112,2.831,2.758,160.016,2023-10-10,12:15:23.200,3,24,0.130,0.41,0.58,2.067,0.56
50.5742420,-2.4590085,2.875,2.726,159.569,2023-10-10,12:15:23.400,3,24,0.128,0.41,0.58,2.010,0.56
50.5742376,-2.4590051,2.962,2.837,156.575,2023-10-10,12:15:23.600,3,24,0.119,0.41,0.58,2.169,0.55
50.5742332,-2.4590022,3.001,2.676,156.687,2023-10-10,12:15:23.800,3,24,0.124,0.41,0.58,2.175,0.55
50.5742291,-2.4589987,3.050,2.631,153.901,2023-10-10,12:15:24.000,3,24,0.122,0.41,0.57,2.259,0.55
50.5740397,-2.4588737,2.564,2.664,156.189,2023-10-10,12:15:34.800,3,24,0.117,0.41,0.59,2.268,0.55
50.5740352,-2.4588700,2.565,2.793,153.771,2023-10-10,12:15:35.000,3,24,0.119,0.41,0.59,2.167,0.55
50.5740274,-2.4588630,2.469,2.591,149.913,2023-10-10,12:15:35.400,3,24,0.117,0.41,0.59,2.369,0.55
50.5740231,-2.4588586,2.513,2.908,148.293,2023-10-10,12:15:35.600,3,24,0.115,0.41,0.59,2.054,0.55
50.5740185,-2.4588542,2.528,2.986,148.757,2023-10-10,12:15:35.800,3,24,0.112,0.41,0.59,1.937,0.55
50.5740143,-2.4588490,2.540,2.971,144.492,2023-10-10,12:15:36.000,3,24,0.108,0.41,0.59,2.131,0.55
50.5740101,-2.4588449,2.567,2.738,146.994,2023-10-10,12:15:36.200,3,24,0.111,0.41,0.59,2.147,0.55
50.5740060,-2.4588407,2.585,2.749,147.414,2023-10-10,12:15:36.400,3,24,0.106,0.41,0.59,2.102,0.56
50.5739865,-2.4588276,2.283,2.598,158.423,2023-10-10,12:15:37.400,3,24,0.134,0.41,0.59,2.154,0.57
50.5739820,-2.4588247,2.184,2.603,157.700,2023-10-10,12:15:37.600,3,24,0.134,0.41,0.59,1.986,0.57
50.5739774,-2.4588200,2.171,3.048,150.246,2023-10-10,12:15:37.800,3,24,0.126,0.41,0.59,1.976,0.56
50.5739727,-2.4588151,2.143,3.081,147.661,2023-10-10,12:15:38.000,3,24,0.126,0.41,0.59,2.024,0.56
50.5739680,-2.4588105,2.137,3.069,147.767,2023-10-10,12:15:38.200,3,24,0.124,0.41,0.59,2.045,0.56
50.5739628,-2.4588048,2.159,3.483,145.818,2023-10-10,12:15:38.400,3,24,0.115,0.41,0.59,1.919,0.55
50.5739578,-2.4587992,2.097,3.372,144.730,2023-10-10,12:15:38.600,3,24,0.126,0.41,0.59,1.978,0.55
50.5739527,-2.4587927,2.193,3.675,142.334,2023-10-10,12:15:38.800,3,24,0.121,0.41,0.59,1.835,0.55
50.5739474,-2.4587860,2.272,3.885,142.734,2023-10-10,12:15:39.000,3,24,0.126,0.41,0.59,1.734,0.56
50.5739425,-2.4587786,2.223,3.786,137.757,2023-10-10,12:15:39.200,3,24,0.126,0.42,0.59,1.929,0.56
50.5739373,-2.4587707,2.385,4.119,138.037,2023-10-10,12:15:39.400,3,24,0.127,0.42,0.59,1.739,0.56
50.5739321,-2.4587636,2.378,3.867,139.824,2023-10-10,12:15:39.600,3,24,0.127,0.42,0.58,1.853,0.56
50.5739265,-2.4587544,2.431,4.551,135.924,2023-10-10,12:15:39.800,3,24,0.122,0.41,0.58,1.639,0.56
50.5739213,-2.4587460,2.581,4.361,137.701,2023-10-10,12:15:40.000,3,24,0.124,0.41,0.58,1.579,0.56
50.5739155,-2.4587381,2.514,4.222,139.002,2023-10-10,12:15:40.200,3,24,0.122,0.41,0.58,1.580,0.56
50.5739093,-2.4587286,2.545,4.775,136.313,2023-10-10,12:15:40.400,3,24,0.123,0.41,0.58,1.515,0.56
50.5739031,-2.4587208,2.505,4.374,140.046,2023-10-10,12:15:40.600,3,24,0.125,0.42,0.58,1.660,0.56
50.5738965,-2.4587101,2.518,5.203,135.299,2023-10-10,12:15:40.800,3,24,0.119,0.42,0.58,1.389,0.56
50.5738899,-2.4587010,2.492,4.870,138.061,2023-10-10,12:15:41.000,3,24,0.127,0.42,0.58,1.555,0.56
50.5738831,-2.4586902,2.453,5.323,134.804,2023-10-10,12:15:41.200,3,24,0.125,0.42,0.59,1.436,0.55
50.5738757,-2.4586816,2.464,5.082,141.723,2023-10-10,12:15:41.400,3,24,0.137,0.42,0.59,1.422,0.55
50.5738681,-2.4586713,2.416,5.517,138.952,2023-10-10,12:15:41.600,3,24,0.133,0.42,0.59,1.204,0.56
50.5738596,-2.4586619,2.427,5.745,143.760,2023-10-10,12:15:41.800,3,24,0.118,0.42,0.59,1.182,0.55
50.5738516,-2.4586524,2.434,5.598,143.375,2023-10-10,12:15:42.000,3,24,0.116,0.42,0.59,1.155,0.56
50.5738433,-2.4586420,2.449,5.911,141.573,2023-10-10,12:15:42.200,3,24,0.119,0.42,0.59,1.125,0.56
50.5738348,-2.4586329,2.395,5.644,144.696,2023-10-10,12:15:42.400,3,24,0.134,0.42,0.59,1.255,0.56
50.5738264,-2.4586232,2.422,5.806,144.013,2023-10-10,12:15:42.600,3,24,0.128,0.42,0.59,1.183,0.56
50.5738178,-2.4586149,2.489,5.703,147.967,2023-10-10,12:15:42.800,3,24,0.123,0.42,0.59,1.135,0.56
50.5738092,-2.4586053,2.492,5.830,145.144,2023-10-10,12:15:43.000,3,24,0.112,0.42,0.59,1.007,0.56
50.5738004,-2.4585986,2.518,5.424,152.589,2023-10-10,12:15:43.200,3,24,0.117,0.42,0.59,1.006,0.57
50.5737913,-2.4585906,2.458,5.740,151.416,2023-10-10,12:15:43.400,3,24,0.118,0.42,0.59,0.971,0.56
50.5737820,-2.4585823,2.467,5.883,150.212,2023-10-10,12:15:43.600,3,24,0.125,0.42,0.59,1.037,0.56
50.5737727,-2.4585749,2.422,5.758,152.637,2023-10-10,12:15:43.800,3,24,0.128,0.42,0.59,1.055,0.56
50.5737630,-2.4585667,2.396,6.037,151.603,2023-10-10,12:15:44.000,3,24,0.136,0.42,0.59,1.032,0.56
50.5737534,-2.4585599,2.422,5.890,155.175,2023-10-10,12:15:44.200,3,24,0.124,0.42,0.60,1.002,0.55
50.5737437,-2.4585511,2.321,6.127,150.741,2023-10-10,12:15:44.400,3,24,0.126,0.43,0.60,1.017,0.55
50.5737338,-2.4585434,2.265,6.083,153.123,2023-10-10,12:15:44.600,3,24,0.128,0.43,0.60,1.000,0.55
50.5737239,-2.4585359,2.317,6.155,153.935,2023-10-10,12:15:44.800,3,24,0.133,0.43,0.60,1.037,0.55
50.5737134,-2.4585278,2.278,6.475,153.910,2023-10-10,12:15:45.000,3,24,0.128,0.43,0.60,0.977,0.55
50.5737028,-2.4585192,2.209,6.583,152.652,2023-10-10,12:15:45.200,3,24,0.134,0.43,0.61,0.914,0.55
50.5736926,-2.4585105,2.291,6.527,151.596,2023-10-10,12:15:45.400,3,24,0.130,0.43,0.61,0.921,0.55
50.5736819,-2.4585016,2.338,6.745,151.822,2023-10-10,12:15:45.600,3,24,0.149,0.43,0.61,1.025,0.56
50.5736716,-2.4584927,2.324,6.572,151.283,2023-10-10,12:15:45.800,3,24,0.130,0.43,0.61,1.033,0.55
50.5736612,-2.4584825,2.377,6.825,148.337,2023-10-10,12:15:46.000,3,24,0.125,0.43,0.61,0.932,0.55
50.5736505,-2.4584736,2.451,6.782,151.728,2023-10-10,12:15:46.200,3,24,0.128,0.44,0.62,0.952,0.55
50.5736407,-2.4584641,2.278,6.340,148.502,2023-10-10,12:15:46.400,3,24,0.127,0.44,0.62,1.032,0.55
50.5736299,-2.4584546,2.310,6.853,150.463,2023-10-10,12:15:46.600,3,24,0.134,0.44,0.62,0.943,0.56
50.5736189,-2.4584456,2.208,6.783,151.910,2023-10-10,12:15:46.800,3,24,0.134,0.44,0.62,1.015,0.56
50.5736083,-2.4584344,2.158,7.092,146.229,2023-10-10,12:15:47.000,3,24,0.126,0.44,0.62,0.911,0.56
50.5735974,-2.4584241,2.172,7.068,148.474,2023-10-10,12:15:47.200,3,24,0.129,0.44,0.63,0.924,0.56
50.5735865,-2.4584130,2.198,7.225,146.893,2023-10-10,12:15:47.400,3,23,0.121,0.44,0.63,0.899,0.57
50.5735759,-2.4584018,2.265,7.119,145.512,2023-10-10,12:15:47.600,3,23,0.138,0.44,0.63,0.966,0.58
50.5735657,-2.4583902,2.348,7.070,144.229,2023-10-10,12:15:47.800,3,23,0.123,0.44,0.63,0.914,0.58
50.5735557,-2.4583776,2.420,7.143,141.204,2023-10-10,12:15:48.000,3,24,0.119,0.44,0.63,0.874,0.56
50.5735458,-2.4583672,2.560,6.710,145.162,2023-10-10,12:15:48.200,3,24,0.115,0.44,0.63,0.886,0.55
50.5735355,-2.4583565,2.578,6.792,146.178,2023-10-10,12:15:48.400,3,24,0.103,0.44,0.63,0.851,0.56
50.5735253,-2.4583469,2.484,6.542,148.542,2023-10-10,12:15:48.600,3,24,0.112,0.44,0.63,0.910,0.55
50.5735149,-2.4583371,2.450,6.671,148.527,2023-10-10,12:15:48.800,3,24,0.110,0.44,0.63,0.885,0.56
50.5735041,-2.4583269,2.509,7.004,148.877,2023-10-10,12:15:49.000,3,24,0.112,0.44,0.63,0.823,0.55
50.5734932,-2.4583175,2.466,6.879,150.707,2023-10-10,12:15:49.200,3,24,0.112,0.44,0.63,0.851,0.55
50.5734823,-2.4583078,2.497,6.968,150.472,2023-10-10,12:15:49.400,3,24,0.115,0.44,0.63,0.853,0.55
50.5734711,-2.4582973,2.346,7.135,149.017,2023-10-10,12:15:49.600,3,24,0.110,0.44,0.63,0.782,0.55
50.5734595,-2.4582893,2.322,7.006,155.643,2023-10-10,12:15:49.800,3,24,0.120,0.44,0.63,0.854,0.55
50.5734474,-2.4582806,2.308,7.385,155.278,2023-10-10,12:15:50.000,3,24,0.119,0.44,0.63,0.770,0.55
50.5734350,-2.4582729,2.188,7.242,157.833,2023-10-10,12:15:50.200,3,24,0.123,0.44,0.63,0.773,0.55
50.5734227,-2.4582665,2.233,7.264,161.487,2023-10-10,12:15:50.400,3,24,0.117,0.44,0.63,0.698,0.55
50.5734101,-2.4582601,2.191,7.334,161.883,2023-10-10,12:15:50.600,3,24,0.123,0.44,0.63,0.740,0.55
50.5733978,-2.4582532,2.208,7.317,160.478,2023-10-10,12:15:50.800,3,24,0.128,0.44,0.63,0.735,0.56
50.5733855,-2.4582456,2.311,7.371,158.377,2023-10-10,12:15:51.000,3,24,0.125,0.44,0.63,0.734,0.56
50.5733734,-2.4582372,2.376,7.330,156.003,2023-10-10,12:15:51.200,3,24,0.126,0.43,0.63,0.746,0.56
50.5733620,-2.4582310,2.392,6.761,160.231,2023-10-10,12:15:51.400,3,24,0.123,0.43,0.63,0.786,0.56
50.5733507,-2.4582240,2.397,6.752,158.317,2023-10-10,12:15:51.600,3,24,0.120,0.43,0.63,0.801,0.56
50.5733395,-2.4582166,2.336,6.693,157.232,2023-10-10,12:15:51.800,3,24,0.120,0.43,0.63,0.797,0.56
50.5733285,-2.4582102,2.368,6.546,159.346,2023-10-10,12:15:52.000,3,24,0.119,0.43,0.63,0.824,0.56
50.5733174,-2.4582018,2.317,6.769,154.354,2023-10-10,12:15:52.200,3,24,0.113,0.43,0.64,0.828,0.56
50.5733067,-2.4581949,2.238,6.362,157.097,2023-10-10,12:15:52.400,3,24,0.123,0.43,0.63,0.898,0.56
50.5732955,-2.4581883,2.372,6.756,159.183,2023-10-10,12:15:52.600,3,24,0.120,0.43,0.63,0.863,0.56
50.5732846,-2.4581800,2.257,6.612,154.533,2023-10-10,12:15:52.800,3,24,0.124,0.43,0.64,0.892,0.55
50.5732738,-2.4581735,2.292,6.472,158.314,2023-10-10,12:15:53.000,3,24,0.123,0.43,0.64,0.843,0.55
50.5732629,-2.4581657,2.224,6.648,155.750,2023-10-10,12:15:53.200,3,24,0.123,0.43,0.64,0.885,0.55
50.5732515,-2.4581574,2.226,6.929,154.762,2023-10-10,12:15:53.400,3,24,0.125,0.43,0.64,0.800,0.56
50.5732402,-2.4581487,2.132,6.864,153.378,2023-10-10,12:15:53.600,3,24,0.116,0.43,0.64,0.794,0.56
50.5732291,-2.4581405,2.144,6.817,154.466,2023-10-10,12:15:53.800,3,24,0.115,0.43,0.63,0.842,0.56
50.5732181,-2.4581325,2.092,6.730,155.135,2023-10-10,12:15:54.000,3,24,0.112,0.43,0.63,0.817,0.55
50.5732068,-2.4581248,2.131,6.854,156.315,2023-10-10,12:15:54.200,3,24,0.119,0.43,0.64,0.843,0.55
50.5731952,-2.4581165,2.064,6.938,154.998,2023-10-10,12:15:54.400,3,24,0.121,0.43,0.63,0.800,0.56
50.5731841,-2.4581081,2.045,6.795,153.897,2023-10-10,12:15:54.600,3,24,0.121,0.43,0.63,0.827,0.56
50.5731730,-2.4580992,2.051,6.847,152.508,2023-10-10,12:15:54.800,3,24,0.121,0.43,0.63,0.836,0.56
50.5731620,-2.4580916,2.087,6.645,155.457,2023-10-10,12:15:55.000,3,24,0.123,0.43,0.63,0.829,0.56
50.5731509,-2.4580833,2.009,6.748,154.384,2023-10-10,12:15:55.200,3,24,0.119,0.42,0.63,0.814,0.56
50.5731398,-2.4580757,1.984,6.674,155.792,2023-10-10,12:15:55.400,3,24,0.117,0.42,0.63,0.837,0.56
50.5731288,-2.4580670,1.970,6.795,153.507,2023-10-10,12:15:55.600,3,24,0.117,0.42,0.63,0.815,0.56
50.5731181,-2.4580576,1.969,6.801,151.100,2023-10-10,12:15:55.800,3,24,0.118,0.42,0.63,0.859,0.56
50.5731074,-2.4580488,1.996,6.648,151.704,2023-10-10,12:15:56.000,3,24,0.121,0.42,0.63,0.877,0.56
50.5730969,-2.4580397,1.953,6.628,151.168,2023-10-10,12:15:56.200,3,24,0.122,0.42,0.63,0.869,0.56
50.5730863,-2.4580319,1.908,6.464,154.382,2023-10-10,12:15:56.400,3,24,0.115,0.42,0.63,0.853,0.56
50.5730757,-2.4580245,1.920,6.494,155.778,2023-10-10,12:15:56.600,3,24,0.123,0.42,0.63,0.868,0.56
50.5730651,-2.4580167,1.872,6.449,154.894,2023-10-10,12:15:56.800,3,24,0.150,0.42,0.63,1.030,0.56
50.5730545,-2.4580093,1.834,6.398,156.104,2023-10-10,12:15:57.000,3,24,0.127,0.42,0.63,0.912,0.56
50.5730438,-2.4580022,1.845,6.441,157.108,2023-10-10,12:15:57.200,3,24,0.129,0.43,0.63,0.910,0.56
50.5730333,-2.4579954,1.832,6.308,157.369,2023-10-10,12:15:57.400,3,24,0.126,0.43,0.63,0.905,0.56
50.5730230,-2.4579886,1.844,6.194,157.153,2023-10-10,12:15:57.600,3,24,0.125,0.43,0.63,0.945,0.56
50.5730130,-2.4579818,1.832,6.029,156.507,2023-10-10,12:15:57.800,3,24,0.128,0.43,0.63,0.952,0.56
50.5730030,-2.4579758,1.828,5.845,158.160,2023-10-10,12:15:58.000,3,24,0.124,0.43,0.63,0.944,0.56
50.5729933,-2.4579698,1.819,5.749,157.768,2023-10-10,12:15:58.200,3,24,0.116,0.43,0.63,1.021,0.56
50.5729838,-2.4579638,1.746,5.582,157.743,2023-10-10,12:15:58.400,3,24,0.118,0.43,0.63,1.019,0.56
50.5729747,-2.4579581,1.777,5.449,157.774,2023-10-10,12:15:58.600,3,24,0.121,0.43,0.63,1.117,0.56
50.5729662,-2.4579516,1.705,5.201,154.506,2023-10-10,12:15:58.800,3,24,0.123,0.43,0.63,1.143,0.56
50.5729579,-2.4579460,1.703,5.040,156.674,2023-10-10,12:15:59.000,3,24,0.137,0.43,0.63,1.174,0.56
50.5729494,-2.4579411,1.703,4.975,159.326,2023-10-10,12:15:59.200,3,24,0.143,0.43,0.64,1.214,0.56
50.5729414,-2.4579372,1.711,4.714,162.364,2023-10-10,12:15:59.400,3,24,0.132,0.43,0.64,1.234,0.56
50.5729334,-2.4579331,1.748,4.696,161.586,2023-10-10,12:15:59.600,3,24,0.123,0.43,0.64,1.220,0.56
50.5729260,-2.4579282,1.728,4.468,157.895,2023-10-10,12:15:59.800,3,24,0.119,0.43,0.64,1.386,0.56
50.5729194,-2.4579235,1.765,4.085,156.211,2023-10-10,12:16:00.000,3,24,0.116,0.43,0.64,1.460,0.55
50.5729134,-2.4579200,1.760,3.591,158.562,2023-10-10,12:16:00.200,3,24,0.130,0.43,0.64,1.648,0.55
50.5729081,-2.4579169,1.827,3.233,159.960,2023-10-10,12:16:00.400,3,24,0.120,0.43,0.64,1.715,0.55
50.5729032,-2.4579141,1.827,2.888,160.293,2023-10-10,12:16:00.600,3,24,0.120,0.43,0.64,1.881,0.55
50.5728987,-2.4579115,1.808,2.686,160.206,2023-10-10,12:16:00.800,3,24,0.121,0.43,0.64,1.976,0.55
50.5723729,-2.4576001,1.496,2.703,155.778,2023-10-10,12:16:29.000,3,24,0.114,0.47,0.68,2.043,0.55
50.5722769,-2.4575279,1.361,2.605,153.021,2023-10-10,12:16:34.000,3,24,0.124,0.47,0.69,2.428,0.55
50.5721348,-2.4574433,1.260,2.773,154.935,2023-10-10,12:16:41.600,3,24,0.118,0.48,0.70,2.080,0.58
50.5721304,-2.4574391,1.312,2.900,150.999,2023-10-10,12:16:41.800,3,24,0.113,0.48,0.70,2.034,0.58
50.5721266,-2.4574350,1.296,2.638,147.850,2023-10-10,12:16:42.000,3,24,0.112,0.48,0.70,2.387,0.55
50.5721226,-2.4574311,1.308,2.609,147.961,2023-10-10,12:16:42.200,3,24,0.116,0.48,0.70,2.296,0.55
50.5720987,-2.4574104,1.152,2.610,151.129,2023-10-10,12:16:43.400,3,24,0.118,0.48,0.69,2.397,0.55
50.5720945,-2.4574065,1.154,2.682,150.000,2023-10-10,12:16:43.600,3,24,0.117,0.48,0.69,2.324,0.57
50.5720902,-2.4574026,1.142,2.703,149.223,2023-10-10,12:16:43.800,3,24,0.116,0.48,0.69,2.334,0.57
50.5720862,-2.4573986,1.065,2.609,147.952,2023-10-10,12:16:44.000,3,24,0.116,0.47,0.69,2.366,0.57
50.5720821,-2.4573946,1.038,2.726,147.968,2023-10-10,12:16:44.200,3,24,0.130,0.48,0.69,2.151,0.58
50.5720777,-2.4573898,1.103,2.986,145.825,2023-10-10,12:16:44.400,3,24,0.126,0.48,0.69,2.110,0.55
50.5720734,-2.4573852,1.124,2.906,145.920,2023-10-10,12:16:44.600,3,24,0.120,0.48,0.69,2.162,0.55
50.5720693,-2.4573810,1.115,2.728,145.999,2023-10-10,12:16:44.800,3,24,0.115,0.48,0.69,2.145,0.55
50.5720652,-2.4573772,1.116,2.597,147.492,2023-10-10,12:16:45.000,3,24,0.113,0.48,0.69,2.279,0.55
50.5720611,-2.4573731,1.175,2.757,147.982,2023-10-10,12:16:45.200,3,24,0.113,0.48,0.69,2.200,0.55
50.5720566,-2.4573688,1.176,2.872,148.065,2023-10-10,12:16:45.400,3,24,0.109,0.47,0.69,1.997,0.55
50.5720525,-2.4573648,1.149,2.663,147.836,2023-10-10,12:16:45.600,3,24,0.107,0.47,0.69,2.256,0.55
50.5720484,-2.4573610,1.140,2.620,148.466,2023-10-10,12:16:45.800,3,24,0.107,0.47,0.69,2.362,0.55
50.5720403,-2.4573535,1.095,2.598,148.870,2023-10-10,12:16:46.200,3,24,0.121,0.47,0.69,2.544,0.55
50.5720362,-2.4573498,1.103,2.638,149.254,2023-10-10,12:16:46.400,3,24,0.120,0.47,0.69,2.506,0.55
50.5719432,-2.4572843,1.015,2.749,157.375,2023-10-10,12:16:51.400,3,24,0.120,0.48,0.70,2.208,0.55
50.5719388,-2.4572806,1.041,2.772,153.818,2023-10-10,12:16:51.600,3,24,0.122,0.48,0.70,2.038,0.55
50.5719346,-2.4572760,1.061,2.829,147.764,2023-10-10,12:16:51.800,3,24,0.109,0.48,0.70,2.094,0.55
50.5719307,-2.4572723,1.053,2.589,148.363,2023-10-10,12:16:52.000,3,24,0.117,0.48,0.70,2.300,0.55
50.5718987,-2.4572512,0.944,2.648,157.460,2023-10-10,12:16:53.600,3,24,0.131,0.48,0.70,2.295,0.54
50.5718942,-2.4572480,0.934,2.728,156.419,2023-10-10,12:16:53.800,3,24,0.121,0.48,0.70,2.263,0.55
50.5718899,-2.4572447,0.918,2.709,155.422,2023-10-10,12:16:54.000,3,24,0.130,0.48,0.70,2.274,0.55
50.5718854,-2.4572413,0.915,2.789,154.735,2023-10-10,12:16:54.200,3,24,0.128,0.48,0.70,2.009,0.55
50.5718808,-2.4572380,0.930,2.801,154.736,2023-10-10,12:16:54.400,3,24,0.132,0.48,0.70,2.095,0.55
50.5718721,-2.4572322,0.892,2.683,156.429,2023-10-10,12:16:54.800,3,24,0.134,0.48,0.70,2.081,0.60
50.5718677,-2.4572293,0.940,2.602,156.410,2023-10-10,12:16:55.000,3,24,0.138,0.48,0.71,2.292,0.60
50.5718631,-2.4572254,0.948,2.851,153.034,2023-10-10,12:16:55.200,3,24,0.140,0.48,0.71,2.206,0.60
50.5718589,-2.4572212,1.000,2.803,149.246,2023-10-10,12:16:55.400,3,24,0.133,0.48,0.71,2.155,0.60
50.5718543,-2.4572178,1.010,2.790,152.253,2023-10-10,12:16:55.600,3,24,0.137,0.49,0.71,2.136,0.58
50.5718500,-2.4572137,1.060,2.808,149.614,2023-10-10,12:16:55.800,3,24,0.144,0.49,0.71,2.106,0.57
50.5718461,-2.4572097,1.081,2.642,148.476,2023-10-10,12:16:56.000,3,24,0.146,0.49,0.71,2.284,0.57
50.5718423,-2.4572049,1.067,2.702,143.705,2023-10-10,12:16:56.200,3,24,0.132,0.49,0.71,2.539,0.58
50.5718381,-2.4571987,1.200,3.265,139.360,2023-10-10,12:16:56.400,3,24,0.123,0.49,0.71,1.905,0.58
50.5718329,-2.4571949,1.222,3.130,148.721,2023-10-10,12:16:56.600,3,24,0.121,0.49,0.70,2.075,0.55
50.5718283,-2.4571914,1.156,2.720,151.082,2023-10-10,12:16:56.800,3,24,0.124,0.49,0.70,2.128,0.55
50.5718238,-2.4571879,1.075,2.733,152.357,2023-10-10,12:16:57.000,3,24,0.124,0.48,0.70,1.992,0.55
50.5718191,-2.4571839,1.037,2.883,151.234,2023-10-10,12:16:57.200,3,24,0.119,0.48,0.70,2.011,0.55
50.5718145,-2.4571803,0.999,2.823,151.972,2023-10-10,12:16:57.400,3,24,0.117,0.48,0.70,1.995,0.55
50.5718097,-2.4571768,0.967,2.893,153.218,2023-10-10,12:16:57.600,3,24,0.123,0.48,0.70,2.033,0.55
50.5718050,-2.4571731,0.971,2.896,152.820,2023-10-10,12:16:57.800,3,24,0.129,0.48,0.70,2.094,0.55
50.5718002,-2.4571686,0.985,3.047,149.776,2023-10-10,12:16:58.000,3,24,0.115,0.48,0.69,1.879,0.55
50.5717958,-2.4571644,1.049,2.969,149.163,2023-10-10,12:16:58.200,3,24,0.111,0.47,0.69,1.982,0.55
50.5717916,-2.4571601,1.112,2.853,148.586,2023-10-10,12:16:58.400,3,24,0.109,0.47,0.69,2.344,0.55
50.5717874,-2.4571561,1.157,2.771,149.074,2023-10-10,12:16:58.600,3,24,0.110,0.47,0.69,2.117,0.55
50.5717833,-2.4571517,1.201,2.827,147.045,2023-10-10,12:16:58.800,3,24,0.105,0.47,0.69,2.033,0.55
50.5717307,-2.4571136,1.031,2.860,162.708,2023-10-10,12:17:01.600,3,24,0.128,0.46,0.69,1.961,0.57
50.5717254,-2.4571104,1.042,3.113,159.330,2023-10-10,12:17:01.800,3,24,0.127,0.46,0.69,1.928,0.56
50.5717200,-2.4571063,1.069,3.342,155.296,2023-10-10,12:17:02.000,3,24,0.120,0.46,0.69,1.850,0.55
50.5717148,-2.4571013,1.105,3.447,150.846,2023-10-10,12:17:02.200,3,24,0.122,0.46,0.69,1.893,0.55
50.5717095,-2.4570962,1.158,3.497,149.156,2023-10-10,12:17:02.400,3,24,0.115,0.46,0.69,1.657,0.56
50.5717042,-2.4570907,1.206,3.569,147.143,2023-10-10,12:17:02.600,3,24,0.112,0.46,0.68,1.666,0.55
50.5716990,-2.4570858,1.229,3.379,148.119,2023-10-10,12:17:02.800,3,24,0.115,0.46,0.68,1.766,0.55
50.5716940,-2.4570810,1.218,3.239,148.044,2023-10-10,12:17:03.000,3,24,0.112,0.46,0.68,1.833,0.55
50.5716889,-2.4570766,1.151,3.144,148.992,2023-10-10,12:17:03.200,3,24,0.116,0.46,0.68,1.855,0.55
50.5716839,-2.4570727,1.120,3.045,151.558,2023-10-10,12:17:03.400,3,24,0.117,0.46,0.68,2.039,0.55
50.5716792,-2.4570686,1.104,2.959,150.660,2023-10-10,12:17:03.600,3,24,0.114,0.46,0.68,1.988,0.55
50.5716748,-2.4570646,1.112,2.840,150.455,2023-10-10,12:17:03.800,3,24,0.125,0.46,0.68,2.184,0.56
50.5716704,-2.4570604,1.130,2.839,148.881,2023-10-10,12:17:04.000,3,24,0.113,0.46,0.68,2.231,0.56
50.5716662,-2.4570558,1.197,2.859,146.966,2023-10-10,12:17:04.200,3,24,0.112,0.46,0.68,2.213,0.55
50.5716624,-2.4570511,1.251,2.738,143.802,2023-10-10,12:17:04.400,3,24,0.112,0.45,0.67,2.230,0.56
50.5709318,-2.4561515,5.422,2.859,179.446,2023-10-10,15:00:50.800,3,22,0.189,1.53,1.82,3.724,0.61
50.5709271,-2.4561502,5.601,2.736,176.724,2023-10-10,15:00:51.000,3,22,0.167,1.51,1.80,4.918,0.65
50.5709136,-2.4561450,4.713,2.708,163.226,2023-10-10,15:00:52.000,3,23,0.165,1.37,1.66,4.760,0.64
50.5709028,-2.4561402,4.291,2.738,167.321,2023-10-10,15:00:53.000,3,22,0.187,1.29,1.57,4.179,0.65
50.5708877,-2.4561287,4.246,2.700,157.192,2023-10-10,15:00:54.000,3,22,0.149,1.22,1.46,4.706,0.65
50.5708832,-2.4561247,4.232,2.598,155.916,2023-10-10,15:00:54.200,3,23,0.226,1.21,1.46,6.429,0.64
50.5708205,-2.4560438,4.434,2.601,144.105,2023-10-10,15:00:59.400,3,21,0.133,0.98,1.20,4.125,0.74
50.5708089,-2.4560341,4.425,2.606,150.562,2023-10-10,15:01:00.400,3,20,0.132,0.94,1.14,3.960,0.67
50.5708052,-2.4560295,4.457,2.721,146.214,2023-10-10,15:01:00.600,3,21,0.130,0.93,1.13,4.100,0.66
50.5707932,-2.4560185,4.302,2.970,147.606,2023-10-10,15:01:01.600,3,21,0.126,0.88,1.07,3.454,0.74
50.5707809,-2.4560065,4.222,2.954,148.569,2023-10-10,15:01:02.600,3,21,0.141,0.87,1.05,4.041,0.74
50.5707684,-2.4559937,4.129,2.922,147.445,2023-10-10,15:01:03.600,3,21,0.146,0.84,1.02,3.558,0.67
50.5707647,-2.4559896,4.218,2.634,145.987,2023-10-10,15:01:03.800,3,21,0.132,0.84,1.01,4.249,0.76
50.5707560,-2.4559829,4.104,3.025,150.998,2023-10-10,15:01:04.600,3,21,0.126,0.82,0.98,3.297,0.67
50.5707521,-2.4559784,4.182,2.774,147.118,2023-10-10,15:01:04.800,3,21,0.136,0.81,0.97,4.182,0.76
50.5707435,-2.4559711,4.117,2.843,150.863,2023-10-10,15:01:05.600,3,21,0.145,0.81,0.96,3.971,0.67
50.5707393,-2.4559665,4.198,2.904,147.440,2023-10-10,15:01:05.800,3,20,0.141,0.81,0.96,4.327,0.76
50.5707309,-2.4559605,4.201,2.589,152.313,2023-10-10,15:01:06.600,3,21,0.155,0.81,0.96,4.734,0.66
50.5707265,-2.4559550,4.259,3.073,146.198,2023-10-10,15:01:06.800,3,21,0.145,0.81,0.96,4.570,0.76
50.5707144,-2.4559434,4.235,2.953,145.854,2023-10-10,15:01:07.800,3,21,0.138,0.82,0.95,4.669,0.68
50.5707024,-2.4559324,4.283,3.138,147.200,2023-10-10,15:01:08.800,3,21,0.145,0.82,0.95,4.339,0.68
50.5706901,-2.4559208,4.245,2.898,146.774,2023-10-10,15:01:09.800,3,21,0.157,0.83,0.96,4.438,0.68
50.5706788,-2.4559096,4.234,2.921,145.733,2023-10-10,15:01:10.800,3,23,0.144,0.83,0.95,4.278,0.62
50.5706665,-2.4558966,4.189,2.969,145.317,2023-10-10,15:01:11.800,3,21,0.146,0.83,0.95,5.095,0.67
50.5706628,-2.4558906,4.267,3.050,140.413,2023-10-10,15:01:12.000,3,22,0.174,0.84,0.96,5.170,0.67
50.5706543,-2.4558817,4.161,2.780,145.657,2023-10-10,15:01:12.800,3,22,0.178,0.84,0.97,4.366,0.68
50.5706504,-2.4558756,4.237,3.161,141.268,2023-10-10,15:01:13.000,3,22,0.157,0.85,0.97,4.893,0.67
50.5706383,-2.4558631,4.239,3.288,143.217,2023-10-10,15:01:14.000,3,22,0.199,0.85,0.97,4.682,0.69
50.5706264,-2.4558523,4.251,2.803,145.509,2023-10-10,15:01:15.000,3,23,0.165,0.86,0.98,4.721,0.68
50.5705887,-2.4558493,4.565,2.649,179.869,2023-10-10,15:01:18.200,3,24,0.388,1.14,1.21,7.083,0.65
50.5705845,-2.4558495,4.779,2.602,180.916,2023-10-10,15:01:18.400,3,23,0.385,1.15,1.22,8.022,0.61
50.5705713,-2.4558522,4.324,2.734,184.808,2023-10-10,15:01:19.200,3,23,0.296,1.17,1.21,5.782,0.69
50.5705667,-2.4558543,4.377,2.646,188.383,2023-10-10,15:01:19.400,3,23,0.293,1.17,1.21,5.363,0.69
50.5705575,-2.4558596,4.135,2.876,200.118,2023-10-10,15:01:20.200,3,22,0.196,1.15,1.16,3.249,0.71
50.5705516,-2.4558613,4.193,3.173,194.794,2023-10-10,15:01:20.400,3,21,0.283,1.15,1.16,3.204,0.74
50.5705352,-2.4558710,4.077,2.988,199.728,2023-10-10,15:01:21.400,3,21,0.309,1.14,1.16,3.961,0.74
50.5705164,-2.4558771,3.828,3.457,199.499,2023-10-10,15:01:22.400,3,23,0.281,1.17,1.23,4.069,0.71
50.5705051,-2.4558849,3.271,2.989,209.211,2023-10-10,15:01:23.400,3,23,0.291,1.23,1.32,5.496,0.71
50.5718720,-2.4563318,206.325,178.300,351.164,2023-10-10,15:01:52.600,3,5,463.371,5505.50,5346.80,1.489,99.99
50.5720504,-2.4563588,226.942,145.161,350.239,2023-10-10,15:01:52.800,3,5,208.444,2472.70,2412.10,1.751,99.99
50.5701697,-2.4558825,17.356,35.840,349.411,2023-10-10,15:01:53.000,3,6,46.440,394.71,379.51,8.036,6.21
50.5702274,-2.4559105,19.081,26.330,346.759,2023-10-10,15:01:53.200,3,5,31.166,292.48,277.87,8.185,6.65
50.5702703,-2.4559123,22.625,20.012,347.755,2023-10-10,15:01:53.400,3,6,21.972,240.25,227.99,8.322,6.21
50.5703476,-2.4559478,28.806,17.666,346.075,2023-10-10,15:01:53.600,3,6,17.133,208.92,198.17,7.626,6.21
50.5703608,-2.4559554,29.158,13.918,345.631,2023-10-10,15:01:53.800,3,6,14.200,187.47,177.73,8.370,6.21
50.5703741,-2.4559632,29.550,11.522,345.259,2023-10-10,15:01:54.000,3,6,12.169,172.27,163.32,8.920,6.21
50.5705218,-2.4560665,39.306,6.150,346.656,2023-10-10,15:01:54.200,3,7,9.218,136.91,143.51,13.304,4.27
50.5705655,-2.4561028,41.186,4.488,348.111,2023-10-10,15:01:54.400,3,7,7.655,120.48,131.65,15.391,4.27
50.5705843,-2.4561230,41.931,3.421,349.600,2023-10-10,15:01:54.600,3,7,6.879,110.43,123.30,18.725,4.27
50.5705930,-2.4561349,42.124,2.638,351.013,2023-10-10,15:01:54.800,3,7,6.351,103.05,116.58,23.350,4.27
